{"cameraMode":{"drawMode":0,"name":"Shaded","section":"Shading Mode"},"sceneLighting":false,"audioPlay":false,"sceneViewState":{"showFog":true,"showMaterialUpdate":false,"showSkybox":false,"showFlares":true,"showImageEffects":true,"showParticleSystems":true},"in2DMode":false,"pivot":{"x":15.593402862548829,"y":-1212.78515625,"z":-8.720222473144532},"rotation":{"x":-0.02467408962547779,"y":-0.29342252016067507,"z":0.007563544437289238,"w":-0.955646812915802},"size":28.649723052978517,"orthographic":false}